Workbook
Name Slicer_Priority: #N/A
Name Slicer_Tier: #N/A

Sheet Tickets
A1: TicketID | B1: DateLogged | C1: Priority | D1: Category | E1: Tier | F1: Status | G1: SLA_Target_Hours | H1: ResolvedDateTime | I1: ResolutionHours | J1: SLA_Status | K1: Owner | L1: MonthLogged
A2: TCK-0001 | B2: 45744.686 | C2: P3 | D2: Access | E2: L2 | F2: Closed | G2: 24 | H2: 45747.033 | I2: =IF(H2="","",(H2-B2)*24) -> 56.308045 | J2: =IF(H2="","Open",IF(I2<=G2,"Met","Breached")) -> Breached | K2: K. Padilla | L2: =DATE(YEAR(B2),MONTH(B2),1) -> 45717
A3: TCK-0002 | B3: 45748.357 | C3: P3 | D3: Access | E3: L1 | F3: Closed | G3: 24 | H3: 45749.754 | I3: =IF(H3="","",(H3-B3)*24) -> 33.551181 | J3: =IF(H3="","Open",IF(I3<=G3,"Met","Breached")) -> Breached | K3: K. Padilla | L3: =DATE(YEAR(B3),MONTH(B3),1) -> 45748
A4: TCK-0003 | B4: 45972.352 | C4: P3 | D4: Bug | E4: L1 | F4: Open | G4: 24 | I4: =IF(H4="","",(H4-B4)*24) | J4: =IF(H4="","Open",IF(I4<=G4,"Met","Breached")) -> Open | K4: J. Ncube | L4: =DATE(YEAR(B4),MONTH(B4),1) -> 45962
A5: TCK-0004 | B5: 45954.512 | C5: P3 | D5: Data | E5: L1 | F5: Resolved | G5: 24 | H5: 45955.731 | I5: =IF(H5="","",(H5-B5)*24) -> 29.262088 | J5: =IF(H5="","Open",IF(I5<=G5,"Met","Breached")) -> Breached | K5: K. Padilla | L5: =DATE(YEAR(B5),MONTH(B5),1) -> 45931
A6: TCK-0005 | B6: 45706.478 | C6: P3 | D6: Access | E6: L2 | F6: In Progress | G6: 24 | I6: =IF(H6="","",(H6-B6)*24) | J6: =IF(H6="","Open",IF(I6<=G6,"Met","Breached")) -> Open | K6: T. Alvarez | L6: =DATE(YEAR(B6),MONTH(B6),1) -> 45689
A7: TCK-0006 | B7: 46001.875 | C7: P1 | D7: Data | E7: L2 | F7: Open | G7: 4 | I7: =IF(H7="","",(H7-B7)*24) | J7: =IF(H7="","Open",IF(I7<=G7,"Met","Breached")) -> Open | K7: N. Kowalski | L7: =DATE(YEAR(B7),MONTH(B7),1) -> 45992
A8: TCK-0007 | B8: 45688.988 | C8: P3 | D8: Access | E8: L2 | F8: Open | G8: 24 | I8: =IF(H8="","",(H8-B8)*24) | J8: =IF(H8="","Open",IF(I8<=G8,"Met","Breached")) -> Open | K8: J. Ncube | L8: =DATE(YEAR(B8),MONTH(B8),1) -> 45658
A9: TCK-0008 | B9: 45721.169 | C9: P3 | D9: Change | E9: L2 | F9: Resolved | G9: 24 | H9: 45721.467 | I9: =IF(H9="","",(H9-B9)*24) -> 7.158945 | J9: =IF(H9="","Open",IF(I9<=G9,"Met","Breached")) -> Met | K9: L. Duarte | L9: =DATE(YEAR(B9),MONTH(B9),1) -> 45717
A10: TCK-0009 | B10: 45941.165 | C10: P3 | D10: Hardware | E10: L2 | F10: Resolved | G10: 24 | H10: 45941.466 | I10: =IF(H10="","",(H10-B10)*24) -> 7.2252355 | J10: =IF(H10="","Open",IF(I10<=G10,"Met","Breached")) -> Met | K10: T. Alvarez | L10: =DATE(YEAR(B10),MONTH(B10),1) -> 45931
A11: TCK-0010 | B11: 45746.953 | C11: P3 | D11: Bug | E11: L2 | F11: In Progress | G11: 24 | I11: =IF(H11="","",(H11-B11)*24) | J11: =IF(H11="","Open",IF(I11<=G11,"Met","Breached")) -> Open | K11: A. Mehta | L11: =DATE(YEAR(B11),MONTH(B11),1) -> 45717
A12: TCK-0011 | B12: 45998.347 | C12: P3 | D12: Access | E12: L1 | F12: Resolved | G12: 24 | H12: 45998.862 | I12: =IF(H12="","",(H12-B12)*24) -> 12.342842 | J12: =IF(H12="","Open",IF(I12<=G12,"Met","Breached")) -> Met | K12: N. Kowalski | L12: =DATE(YEAR(B12),MONTH(B12),1) -> 45992
A13: TCK-0012 | B13: 45947.325 | C13: P3 | D13: Bug | E13: L1 | F13: Resolved | G13: 24 | H13: 45947.919 | I13: =IF(H13="","",(H13-B13)*24) -> 14.247959 | J13: =IF(H13="","Open",IF(I13<=G13,"Met","Breached")) -> Met | K13: K. Padilla | L13: =DATE(YEAR(B13),MONTH(B13),1) -> 45931
A14: TCK-0013 | B14: 45855.88 | C14: P3 | D14: Bug | E14: L3 | F14: Closed | G14: 24 | H14: 45856.731 | I14: =IF(H14="","",(H14-B14)*24) -> 20.419817 | J14: =IF(H14="","Open",IF(I14<=G14,"Met","Breached")) -> Met | K14: S. Iyer | L14: =DATE(YEAR(B14),MONTH(B14),1) -> 45839
A15: TCK-0014 | B15: 45807.429 | C15: P2 | D15: Network | E15: L1 | F15: Resolved | G15: 8 | H15: 45807.609 | I15: =IF(H15="","",(H15-B15)*24) -> 4.3366107 | J15: =IF(H15="","Open",IF(I15<=G15,"Met","Breached")) -> Met | K15: R. Fernandes | L15: =DATE(YEAR(B15),MONTH(B15),1) -> 45778
A16: TCK-0015 | B16: 45922.75 | C16: P4 | D16: Access | E16: L2 | F16: In Progress | G16: 72 | I16: =IF(H16="","",(H16-B16)*24) | J16: =IF(H16="","Open",IF(I16<=G16,"Met","Breached")) -> Open | K16: R. Fernandes | L16: =DATE(YEAR(B16),MONTH(B16),1) -> 45901
A17: TCK-0016 | B17: 45719.422 | C17: P4 | D17: Data | E17: L1 | F17: Closed | G17: 72 | H17: 45722.016 | I17: =IF(H17="","",(H17-B17)*24) -> 62.247113 | J17: =IF(H17="","Open",IF(I17<=G17,"Met","Breached")) -> Met | K17: P. Osei | L17: =DATE(YEAR(B17),MONTH(B17),1) -> 45717
A18: TCK-0017 | B18: 45996.076 | C18: P3 | D18: Bug | E18: L1 | F18: Closed | G18: 24 | H18: 45996.598 | I18: =IF(H18="","",(H18-B18)*24) -> 12.531036 | J18: =IF(H18="","Open",IF(I18<=G18,"Met","Breached")) -> Met | K18: R. Fernandes | L18: =DATE(YEAR(B18),MONTH(B18),1) -> 45992
A19: TCK-0018 | B19: 46014.707 | C19: P3 | D19: Bug | E19: L1 | F19: Open | G19: 24 | I19: =IF(H19="","",(H19-B19)*24) | J19: =IF(H19="","Open",IF(I19<=G19,"Met","Breached")) -> Open | K19: T. Alvarez | L19: =DATE(YEAR(B19),MONTH(B19),1) -> 45992
A20: TCK-0019 | B20: 45750.994 | C20: P2 | D20: Data | E20: L3 | F20: Closed | G20: 8 | H20: 45751.304 | I20: =IF(H20="","",(H20-B20)*24) -> 7.4453039 | J20: =IF(H20="","Open",IF(I20<=G20,"Met","Breached")) -> Met | K20: J. Ncube | L20: =DATE(YEAR(B20),MONTH(B20),1) -> 45748
A21: TCK-0020 | B21: 45955.421 | C21: P3 | D21: Access | E21: L3 | F21: Closed | G21: 24 | H21: 45956.351 | I21: =IF(H21="","",(H21-B21)*24) -> 22.333663 | J21: =IF(H21="","Open",IF(I21<=G21,"Met","Breached")) -> Met | K21: T. Alvarez | L21: =DATE(YEAR(B21),MONTH(B21),1) -> 45931
A22: TCK-0021 | B22: 46018.754 | C22: P3 | D22: Hardware | E22: L1 | F22: Resolved | G22: 24 | H22: 46019.094 | I22: =IF(H22="","",(H22-B22)*24) -> 8.1575076 | J22: =IF(H22="","Open",IF(I22<=G22,"Met","Breached")) -> Met | K22: K. Padilla | L22: =DATE(YEAR(B22),MONTH(B22),1) -> 45992
A23: TCK-0022 | B23: 45704.993 | C23: P3 | D23: Change | E23: L3 | F23: Closed | G23: 24 | H23: 45706.08 | I23: =IF(H23="","",(H23-B23)*24) -> 26.083439 | J23: =IF(H23="","Open",IF(I23<=G23,"Met","Breached")) -> Breached | K23: M. Choudhury | L23: =DATE(YEAR(B23),MONTH(B23),1) -> 45689
A24: TCK-0023 | B24: 45746.912 | C24: P3 | D24: Access | E24: L1 | F24: Closed | G24: 24 | H24: 45748.54 | I24: =IF(H24="","",(H24-B24)*24) -> 39.077997 | J24: =IF(H24="","Open",IF(I24<=G24,"Met","Breached")) -> Breached | K24: A. Mehta | L24: =DATE(YEAR(B24),MONTH(B24),1) -> 45717
A25: TCK-0024 | B25: 45938.922 | C25: P2 | D25: Change | E25: L1 | F25: In Progress | G25: 8 | I25: =IF(H25="","",(H25-B25)*24) | J25: =IF(H25="","Open",IF(I25<=G25,"Met","Breached")) -> Open | K25: S. Iyer | L25: =DATE(YEAR(B25),MONTH(B25),1) -> 45931
A26: TCK-0025 | B26: 45694.632 | C26: P2 | D26: Change | E26: L2 | F26: Closed | G26: 8 | H26: 45694.78 | I26: =IF(H26="","",(H26-B26)*24) -> 3.551425 | J26: =IF(H26="","Open",IF(I26<=G26,"Met","Breached")) -> Met | K26: K. Padilla | L26: =DATE(YEAR(B26),MONTH(B26),1) -> 45689
A27: TCK-0026 | B27: 45681.54 | C27: P3 | D27: Network | E27: L2 | F27: Closed | G27: 24 | H27: 45682.391 | I27: =IF(H27="","",(H27-B27)*24) -> 20.432531 | J27: =IF(H27="","Open",IF(I27<=G27,"Met","Breached")) -> Met | K27: R. Fernandes | L27: =DATE(YEAR(B27),MONTH(B27),1) -> 45658
A28: TCK-0027 | B28: 45766.176 | C28: P2 | D28: Change | E28: L1 | F28: Resolved | G28: 8 | H28: 45766.216 | I28: =IF(H28="","",(H28-B28)*24) -> 0.96086357 | J28: =IF(H28="","Open",IF(I28<=G28,"Met","Breached")) -> Met | K28: S. Iyer | L28: =DATE(YEAR(B28),MONTH(B28),1) -> 45748
A29: TCK-0028 | B29: 45982.681 | C29: P4 | D29: Access | E29: L1 | F29: Closed | G29: 72 | H29: 45989.787 | I29: =IF(H29="","",(H29-B29)*24) -> 170.54925 | J29: =IF(H29="","Open",IF(I29<=G29,"Met","Breached")) -> Breached | K29: T. Alvarez | L29: =DATE(YEAR(B29),MONTH(B29),1) -> 45962
A30: TCK-0029 | B30: 46008.474 | C30: P3 | D30: Change | E30: L1 | F30: Closed | G30: 24 | H30: 46009.44 | I30: =IF(H30="","",(H30-B30)*24) -> 23.192093 | J30: =IF(H30="","Open",IF(I30<=G30,"Met","Breached")) -> Met | K30: P. Osei | L30: =DATE(YEAR(B30),MONTH(B30),1) -> 45992
A31: TCK-0030 | B31: 45915.045 | C31: P4 | D31: Change | E31: L1 | F31: Resolved | G31: 72 | H31: 45916.023 | I31: =IF(H31="","",(H31-B31)*24) -> 23.467556 | J31: =IF(H31="","Open",IF(I31<=G31,"Met","Breached")) -> Met | K31: T. Alvarez | L31: =DATE(YEAR(B31),MONTH(B31),1) -> 45901
A32: TCK-0031 | B32: 45680.201 | C32: P3 | D32: Hardware | E32: L1 | F32: Closed | G32: 24 | H32: 45681.106 | I32: =IF(H32="","",(H32-B32)*24) -> 21.720721 | J32: =IF(H32="","Open",IF(I32<=G32,"Met","Breached")) -> Met | K32: L. Duarte | L32: =DATE(YEAR(B32),MONTH(B32),1) -> 45658
A33: TCK-0032 | B33: 45684.611 | C33: P1 | D33: Hardware | E33: L1 | F33: Closed | G33: 4 | H33: 45684.656 | I33: =IF(H33="","",(H33-B33)*24) -> 1.0749585 | J33: =IF(H33="","Open",IF(I33<=G33,"Met","Breached")) -> Met | K33: S. Iyer | L33: =DATE(YEAR(B33),MONTH(B33),1) -> 45658
A34: TCK-0033 | B34: 45898.544 | C34: P4 | D34: Bug | E34: L2 | F34: Closed | G34: 72 | H34: 45900.271 | I34: =IF(H34="","",(H34-B34)*24) -> 41.447595 | J34: =IF(H34="","Open",IF(I34<=G34,"Met","Breached")) -> Met | K34: A. Mehta | L34: =DATE(YEAR(B34),MONTH(B34),1) -> 45870
A35: TCK-0034 | B35: 45761.154 | C35: P2 | D35: Network | E35: L2 | F35: Closed | G35: 8 | H35: 45761.264 | I35: =IF(H35="","",(H35-B35)*24) -> 2.6319783 | J35: =IF(H35="","Open",IF(I35<=G35,"Met","Breached")) -> Met | K35: K. Padilla | L35: =DATE(YEAR(B35),MONTH(B35),1) -> 45748
A36: TCK-0035 | B36: 45876.645 | C36: P4 | D36: Access | E36: L1 | F36: Open | G36: 72 | I36: =IF(H36="","",(H36-B36)*24) | J36: =IF(H36="","Open",IF(I36<=G36,"Met","Breached")) -> Open | K36: N. Kowalski | L36: =DATE(YEAR(B36),MONTH(B36),1) -> 45870
A37: TCK-0036 | B37: 46000.094 | C37: P3 | D37: Hardware | E37: L1 | F37: Closed | G37: 24 | H37: 46000.409 | I37: =IF(H37="","",(H37-B37)*24) -> 7.5609186 | J37: =IF(H37="","Open",IF(I37<=G37,"Met","Breached")) -> Met | K37: L. Duarte | L37: =DATE(YEAR(B37),MONTH(B37),1) -> 45992
A38: TCK-0037 | B38: 45661.038 | C38: P3 | D38: Data | E38: L2 | F38: Closed | G38: 24 | H38: 45661.955 | I38: =IF(H38="","",(H38-B38)*24) -> 21.996795 | J38: =IF(H38="","Open",IF(I38<=G38,"Met","Breached")) -> Met | K38: T. Alvarez | L38: =DATE(YEAR(B38),MONTH(B38),1) -> 45658
A39: TCK-0038 | B39: 45946.326 | C39: P4 | D39: Data | E39: L1 | F39: Resolved | G39: 72 | H39: 45948.164 | I39: =IF(H39="","",(H39-B39)*24) -> 44.099405 | J39: =IF(H39="","Open",IF(I39<=G39,"Met","Breached")) -> Met | K39: R. Fernandes | L39: =DATE(YEAR(B39),MONTH(B39),1) -> 45931
A40: TCK-0039 | B40: 45847.727 | C40: P2 | D40: Network | E40: L2 | F40: Closed | G40: 8 | H40: 45847.759 | I40: =IF(H40="","",(H40-B40)*24) -> 0.77794377 | J40: =IF(H40="","Open",IF(I40<=G40,"Met","Breached")) -> Met | K40: T. Alvarez | L40: =DATE(YEAR(B40),MONTH(B40),1) -> 45839
A41: TCK-0040 | B41: 45905.43 | C41: P4 | D41: Access | E41: L1 | F41: Open | G41: 72 | I41: =IF(H41="","",(H41-B41)*24) | J41: =IF(H41="","Open",IF(I41<=G41,"Met","Breached")) -> Open | K41: S. Iyer | L41: =DATE(YEAR(B41),MONTH(B41),1) -> 45901
A42: TCK-0041 | B42: 45661.755 | C42: P3 | D42: Hardware | E42: L2 | F42: Closed | G42: 24 | H42: 45662.448 | I42: =IF(H42="","",(H42-B42)*24) -> 16.623558 | J42: =IF(H42="","Open",IF(I42<=G42,"Met","Breached")) -> Met | K42: T. Alvarez | L42: =DATE(YEAR(B42),MONTH(B42),1) -> 45658
A43: TCK-0042 | B43: 45824.913 | C43: P1 | D43: Data | E43: L2 | F43: Resolved | G43: 4 | H43: 45825.06 | I43: =IF(H43="","",(H43-B43)*24) -> 3.5442111 | J43: =IF(H43="","Open",IF(I43<=G43,"Met","Breached")) -> Met | K43: S. Iyer | L43: =DATE(YEAR(B43),MONTH(B43),1) -> 45809
A44: TCK-0043 | B44: 45917.011 | C44: P4 | D44: Data | E44: L1 | F44: Closed | G44: 72 | H44: 45919.628 | I44: =IF(H44="","",(H44-B44)*24) -> 62.80166 | J44: =IF(H44="","Open",IF(I44<=G44,"Met","Breached")) -> Met | K44: K. Padilla | L44: =DATE(YEAR(B44),MONTH(B44),1) -> 45901
A45: TCK-0044 | B45: 45993.78 | C45: P3 | D45: Bug | E45: L3 | F45: Closed | G45: 24 | H45: 45993.994 | I45: =IF(H45="","",(H45-B45)*24) -> 5.1518089 | J45: =IF(H45="","Open",IF(I45<=G45,"Met","Breached")) -> Met | K45: K. Padilla | L45: =DATE(YEAR(B45),MONTH(B45),1) -> 45992
A46: TCK-0045 | B46: 45969.557 | C46: P2 | D46: Data | E46: L2 | F46: Closed | G46: 8 | H46: 45969.651 | I46: =IF(H46="","",(H46-B46)*24) -> 2.2463643 | J46: =IF(H46="","Open",IF(I46<=G46,"Met","Breached")) -> Met | K46: P. Osei | L46: =DATE(YEAR(B46),MONTH(B46),1) -> 45962
A47: TCK-0046 | B47: 45744.385 | C47: P3 | D47: Change | E47: L3 | F47: Resolved | G47: 24 | H47: 45744.76 | I47: =IF(H47="","",(H47-B47)*24) -> 9.004376 | J47: =IF(H47="","Open",IF(I47<=G47,"Met","Breached")) -> Met | K47: M. Choudhury | L47: =DATE(YEAR(B47),MONTH(B47),1) -> 45717
A48: TCK-0047 | B48: 45812.749 | C48: P4 | D48: Bug | E48: L1 | F48: Closed | G48: 72 | H48: 45815.596 | I48: =IF(H48="","",(H48-B48)*24) -> 68.342894 | J48: =IF(H48="","Open",IF(I48<=G48,"Met","Breached")) -> Met | K48: K. Padilla | L48: =DATE(YEAR(B48),MONTH(B48),1) -> 45809
A49: TCK-0048 | B49: 45786.606 | C49: P3 | D49: Change | E49: L2 | F49: Open | G49: 24 | I49: =IF(H49="","",(H49-B49)*24) | J49: =IF(H49="","Open",IF(I49<=G49,"Met","Breached")) -> Open | K49: T. Alvarez | L49: =DATE(YEAR(B49),MONTH(B49),1) -> 45778
A50: TCK-0049 | B50: 45672.858 | C50: P4 | D50: Data | E50: L1 | F50: Closed | G50: 72 | H50: 45675.04 | I50: =IF(H50="","",(H50-B50)*24) -> 52.383377 | J50: =IF(H50="","Open",IF(I50<=G50,"Met","Breached")) -> Met | K50: J. Ncube | L50: =DATE(YEAR(B50),MONTH(B50),1) -> 45658
A51: TCK-0050 | B51: 45731.819 | C51: P3 | D51: Hardware | E51: L1 | F51: Resolved | G51: 24 | H51: 45731.871 | I51: =IF(H51="","",(H51-B51)*24) -> 1.2377493 | J51: =IF(H51="","Open",IF(I51<=G51,"Met","Breached")) -> Met | K51: N. Kowalski | L51: =DATE(YEAR(B51),MONTH(B51),1) -> 45717
A52: TCK-0051 | B52: 45799.45 | C52: P3 | D52: Network | E52: L3 | F52: Closed | G52: 24 | H52: 45800.356 | I52: =IF(H52="","",(H52-B52)*24) -> 21.751606 | J52: =IF(H52="","Open",IF(I52<=G52,"Met","Breached")) -> Met | K52: K. Padilla | L52: =DATE(YEAR(B52),MONTH(B52),1) -> 45778
A53: TCK-0052 | B53: 45854.947 | C53: P3 | D53: Access | E53: L2 | F53: Closed | G53: 24 | H53: 45855.371 | I53: =IF(H53="","",(H53-B53)*24) -> 10.181577 | J53: =IF(H53="","Open",IF(I53<=G53,"Met","Breached")) -> Met | K53: J. Ncube | L53: =DATE(YEAR(B53),MONTH(B53),1) -> 45839
A54: TCK-0053 | B54: 45921.044 | C54: P2 | D54: Change | E54: L2 | F54: Closed | G54: 8 | H54: 45921.726 | I54: =IF(H54="","",(H54-B54)*24) -> 16.367474 | J54: =IF(H54="","Open",IF(I54<=G54,"Met","Breached")) -> Breached | K54: P. Osei | L54: =DATE(YEAR(B54),MONTH(B54),1) -> 45901
A55: TCK-0054 | B55: 45963.158 | C55: P4 | D55: Data | E55: L1 | F55: Closed | G55: 72 | H55: 45964.606 | I55: =IF(H55="","",(H55-B55)*24) -> 34.735609 | J55: =IF(H55="","Open",IF(I55<=G55,"Met","Breached")) -> Met | K55: P. Osei | L55: =DATE(YEAR(B55),MONTH(B55),1) -> 45962
A56: TCK-0055 | B56: 45913.872 | C56: P2 | D56: Change | E56: L2 | F56: Closed | G56: 8 | H56: 45914.085 | I56: =IF(H56="","",(H56-B56)*24) -> 5.10908 | J56: =IF(H56="","Open",IF(I56<=G56,"Met","Breached")) -> Met | K56: S. Iyer | L56: =DATE(YEAR(B56),MONTH(B56),1) -> 45901
A57: TCK-0056 | B57: 45971.238 | C57: P4 | D57: Bug | E57: L2 | F57: Closed | G57: 72 | H57: 45975.673 | I57: =IF(H57="","",(H57-B57)*24) -> 106.45016 | J57: =IF(H57="","Open",IF(I57<=G57,"Met","Breached")) -> Breached | K57: K. Padilla | L57: =DATE(YEAR(B57),MONTH(B57),1) -> 45962
A58: TCK-0057 | B58: 45733.511 | C58: P4 | D58: Access | E58: L1 | F58: Closed | G58: 72 | H58: 45734.776 | I58: =IF(H58="","",(H58-B58)*24) -> 30.360756 | J58: =IF(H58="","Open",IF(I58<=G58,"Met","Breached")) -> Met | K58: N. Kowalski | L58: =DATE(YEAR(B58),MONTH(B58),1) -> 45717
A59: TCK-0058 | B59: 45726.308 | C59: P3 | D59: Access | E59: L2 | F59: In Progress | G59: 24 | I59: =IF(H59="","",(H59-B59)*24) | J59: =IF(H59="","Open",IF(I59<=G59,"Met","Breached")) -> Open | K59: K. Padilla | L59: =DATE(YEAR(B59),MONTH(B59),1) -> 45717
A60: TCK-0059 | B60: 45835.272 | C60: P1 | D60: Bug | E60: L3 | F60: Closed | G60: 4 | H60: 45835.363 | I60: =IF(H60="","",(H60-B60)*24) -> 2.1758106 | J60: =IF(H60="","Open",IF(I60<=G60,"Met","Breached")) -> Met | K60: R. Fernandes | L60: =DATE(YEAR(B60),MONTH(B60),1) -> 45809
A61: TCK-0060 | B61: 45823.73 | C61: P3 | D61: Change | E61: L2 | F61: In Progress | G61: 24 | I61: =IF(H61="","",(H61-B61)*24) | J61: =IF(H61="","Open",IF(I61<=G61,"Met","Breached")) -> Open | K61: T. Alvarez | L61: =DATE(YEAR(B61),MONTH(B61),1) -> 45809
A62: TCK-0061 | B62: 45758.66 | C62: P4 | D62: Network | E62: L2 | F62: Resolved | G62: 72 | H62: 45759.584 | I62: =IF(H62="","",(H62-B62)*24) -> 22.168768 | J62: =IF(H62="","Open",IF(I62<=G62,"Met","Breached")) -> Met | K62: M. Choudhury | L62: =DATE(YEAR(B62),MONTH(B62),1) -> 45748
A63: TCK-0062 | B63: 45935.113 | C63: P3 | D63: Bug | E63: L1 | F63: Closed | G63: 24 | H63: 45935.461 | I63: =IF(H63="","",(H63-B63)*24) -> 8.3359176 | J63: =IF(H63="","Open",IF(I63<=G63,"Met","Breached")) -> Met | K63: R. Fernandes | L63: =DATE(YEAR(B63),MONTH(B63),1) -> 45931
A64: TCK-0063 | B64: 45932.346 | C64: P2 | D64: Bug | E64: L1 | F64: Closed | G64: 8 | H64: 45932.465 | I64: =IF(H64="","",(H64-B64)*24) -> 2.8617575 | J64: =IF(H64="","Open",IF(I64<=G64,"Met","Breached")) -> Met | K64: S. Iyer | L64: =DATE(YEAR(B64),MONTH(B64),1) -> 45931
A65: TCK-0064 | B65: 45928.114 | C65: P1 | D65: Change | E65: L1 | F65: Closed | G65: 4 | H65: 45928.212 | I65: =IF(H65="","",(H65-B65)*24) -> 2.3415681 | J65: =IF(H65="","Open",IF(I65<=G65,"Met","Breached")) -> Met | K65: N. Kowalski | L65: =DATE(YEAR(B65),MONTH(B65),1) -> 45901
A66: TCK-0065 | B66: 45867.024 | C66: P4 | D66: Data | E66: L2 | F66: Closed | G66: 72 | H66: 45868.857 | I66: =IF(H66="","",(H66-B66)*24) -> 43.993793 | J66: =IF(H66="","Open",IF(I66<=G66,"Met","Breached")) -> Met | K66: P. Osei | L66: =DATE(YEAR(B66),MONTH(B66),1) -> 45839
A67: TCK-0066 | B67: 45788.54 | C67: P2 | D67: Change | E67: L1 | F67: Resolved | G67: 8 | H67: 45788.781 | I67: =IF(H67="","",(H67-B67)*24) -> 5.7879094 | J67: =IF(H67="","Open",IF(I67<=G67,"Met","Breached")) -> Met | K67: P. Osei | L67: =DATE(YEAR(B67),MONTH(B67),1) -> 45778
A68: TCK-0067 | B68: 45887.868 | C68: P4 | D68: Hardware | E68: L1 | F68: Closed | G68: 72 | H68: 45894.393 | I68: =IF(H68="","",(H68-B68)*24) -> 156.58646 | J68: =IF(H68="","Open",IF(I68<=G68,"Met","Breached")) -> Breached | K68: P. Osei | L68: =DATE(YEAR(B68),MONTH(B68),1) -> 45870
A69: TCK-0068 | B69: 45740.201 | C69: P3 | D69: Access | E69: L1 | F69: Closed | G69: 24 | H69: 45741.069 | I69: =IF(H69="","",(H69-B69)*24) -> 20.833564 | J69: =IF(H69="","Open",IF(I69<=G69,"Met","Breached")) -> Met | K69: L. Duarte | L69: =DATE(YEAR(B69),MONTH(B69),1) -> 45717
A70: TCK-0069 | B70: 45840.649 | C70: P4 | D70: Change | E70: L1 | F70: Closed | G70: 72 | H70: 45843.589 | I70: =IF(H70="","",(H70-B70)*24) -> 70.553828 | J70: =IF(H70="","Open",IF(I70<=G70,"Met","Breached")) -> Met | K70: R. Fernandes | L70: =DATE(YEAR(B70),MONTH(B70),1) -> 45839
A71: TCK-0070 | B71: 45754.035 | C71: P3 | D71: Network | E71: L1 | F71: Closed | G71: 24 | H71: 45755.352 | I71: =IF(H71="","",(H71-B71)*24) -> 31.600059 | J71: =IF(H71="","Open",IF(I71<=G71,"Met","Breached")) -> Breached | K71: A. Mehta | L71: =DATE(YEAR(B71),MONTH(B71),1) -> 45748
A72: TCK-0071 | B72: 45929.645 | C72: P3 | D72: Hardware | E72: L3 | F72: Resolved | G72: 24 | H72: 45930.259 | I72: =IF(H72="","",(H72-B72)*24) -> 14.723525 | J72: =IF(H72="","Open",IF(I72<=G72,"Met","Breached")) -> Met | K72: M. Choudhury | L72: =DATE(YEAR(B72),MONTH(B72),1) -> 45901
A73: TCK-0072 | B73: 45882.739 | C73: P3 | D73: Bug | E73: L3 | F73: Resolved | G73: 24 | H73: 45883.419 | I73: =IF(H73="","",(H73-B73)*24) -> 16.318391 | J73: =IF(H73="","Open",IF(I73<=G73,"Met","Breached")) -> Met | K73: R. Fernandes | L73: =DATE(YEAR(B73),MONTH(B73),1) -> 45870
A74: TCK-0073 | B74: 45926.208 | C74: P3 | D74: Network | E74: L1 | F74: Open | G74: 24 | I74: =IF(H74="","",(H74-B74)*24) | J74: =IF(H74="","Open",IF(I74<=G74,"Met","Breached")) -> Open | K74: N. Kowalski | L74: =DATE(YEAR(B74),MONTH(B74),1) -> 45901
A75: TCK-0074 | B75: 45970.836 | C75: P2 | D75: Data | E75: L2 | F75: Closed | G75: 8 | H75: 45971.095 | I75: =IF(H75="","",(H75-B75)*24) -> 6.222807 | J75: =IF(H75="","Open",IF(I75<=G75,"Met","Breached")) -> Met | K75: N. Kowalski | L75: =DATE(YEAR(B75),MONTH(B75),1) -> 45962
A76: TCK-0075 | B76: 45662.914 | C76: P3 | D76: Data | E76: L1 | F76: In Progress | G76: 24 | I76: =IF(H76="","",(H76-B76)*24) | J76: =IF(H76="","Open",IF(I76<=G76,"Met","Breached")) -> Open | K76: L. Duarte | L76: =DATE(YEAR(B76),MONTH(B76),1) -> 45658
A77: TCK-0076 | B77: 45932.691 | C77: P2 | D77: Data | E77: L2 | F77: Resolved | G77: 8 | H77: 45933.346 | I77: =IF(H77="","",(H77-B77)*24) -> 15.704454 | J77: =IF(H77="","Open",IF(I77<=G77,"Met","Breached")) -> Breached | K77: M. Choudhury | L77: =DATE(YEAR(B77),MONTH(B77),1) -> 45931
A78: TCK-0077 | B78: 45827.16 | C78: P3 | D78: Hardware | E78: L2 | F78: In Progress | G78: 24 | I78: =IF(H78="","",(H78-B78)*24) | J78: =IF(H78="","Open",IF(I78<=G78,"Met","Breached")) -> Open | K78: M. Choudhury | L78: =DATE(YEAR(B78),MONTH(B78),1) -> 45809
A79: TCK-0078 | B79: 45766.325 | C79: P3 | D79: Bug | E79: L2 | F79: Open | G79: 24 | I79: =IF(H79="","",(H79-B79)*24) | J79: =IF(H79="","Open",IF(I79<=G79,"Met","Breached")) -> Open | K79: R. Fernandes | L79: =DATE(YEAR(B79),MONTH(B79),1) -> 45748
A80: TCK-0079 | B80: 45788.643 | C80: P4 | D80: Hardware | E80: L2 | F80: Closed | G80: 72 | H80: 45789.301 | I80: =IF(H80="","",(H80-B80)*24) -> 15.775997 | J80: =IF(H80="","Open",IF(I80<=G80,"Met","Breached")) -> Met | K80: P. Osei | L80: =DATE(YEAR(B80),MONTH(B80),1) -> 45778
A81: TCK-0080 | B81: 45930.313 | C81: P4 | D81: Data | E81: L1 | F81: Open | G81: 72 | I81: =IF(H81="","",(H81-B81)*24) | J81: =IF(H81="","Open",IF(I81<=G81,"Met","Breached")) -> Open | K81: N. Kowalski | L81: =DATE(YEAR(B81),MONTH(B81),1) -> 45901
A82: TCK-0081 | B82: 45847.745 | C82: P3 | D82: Bug | E82: L1 | F82: Resolved | G82: 24 | H82: 45848.238 | I82: =IF(H82="","",(H82-B82)*24) -> 11.826398 | J82: =IF(H82="","Open",IF(I82<=G82,"Met","Breached")) -> Met | K82: P. Osei | L82: =DATE(YEAR(B82),MONTH(B82),1) -> 45839
A83: TCK-0082 | B83: 45815.054 | C83: P3 | D83: Access | E83: L1 | F83: Closed | G83: 24 | H83: 45815.645 | I83: =IF(H83="","",(H83-B83)*24) -> 14.180321 | J83: =IF(H83="","Open",IF(I83<=G83,"Met","Breached")) -> Met | K83: K. Padilla | L83: =DATE(YEAR(B83),MONTH(B83),1) -> 45809
A84: TCK-0083 | B84: 45786.467 | C84: P3 | D84: Change | E84: L3 | F84: Closed | G84: 24 | H84: 45786.802 | I84: =IF(H84="","",(H84-B84)*24) -> 8.0438252 | J84: =IF(H84="","Open",IF(I84<=G84,"Met","Breached")) -> Met | K84: T. Alvarez | L84: =DATE(YEAR(B84),MONTH(B84),1) -> 45778
A85: TCK-0084 | B85: 45954.005 | C85: P3 | D85: Data | E85: L1 | F85: Closed | G85: 24 | H85: 45954.742 | I85: =IF(H85="","",(H85-B85)*24) -> 17.685656 | J85: =IF(H85="","Open",IF(I85<=G85,"Met","Breached")) -> Met | K85: T. Alvarez | L85: =DATE(YEAR(B85),MONTH(B85),1) -> 45931
A86: TCK-0085 | B86: 45981.361 | C86: P3 | D86: Hardware | E86: L2 | F86: Closed | G86: 24 | H86: 45981.578 | I86: =IF(H86="","",(H86-B86)*24) -> 5.2051353 | J86: =IF(H86="","Open",IF(I86<=G86,"Met","Breached")) -> Met | K86: R. Fernandes | L86: =DATE(YEAR(B86),MONTH(B86),1) -> 45962
A87: TCK-0086 | B87: 45872.903 | C87: P3 | D87: Data | E87: L1 | F87: Resolved | G87: 24 | H87: 45873.547 | I87: =IF(H87="","",(H87-B87)*24) -> 15.437251 | J87: =IF(H87="","Open",IF(I87<=G87,"Met","Breached")) -> Met | K87: A. Mehta | L87: =DATE(YEAR(B87),MONTH(B87),1) -> 45870
A88: TCK-0087 | B88: 45843.914 | C88: P2 | D88: Access | E88: L2 | F88: Resolved | G88: 8 | H88: 45844.294 | I88: =IF(H88="","",(H88-B88)*24) -> 9.119274 | J88: =IF(H88="","Open",IF(I88<=G88,"Met","Breached")) -> Breached | K88: M. Choudhury | L88: =DATE(YEAR(B88),MONTH(B88),1) -> 45839
A89: TCK-0088 | B89: 45882.093 | C89: P3 | D89: Access | E89: L1 | F89: Closed | G89: 24 | H89: 45883.404 | I89: =IF(H89="","",(H89-B89)*24) -> 31.466299 | J89: =IF(H89="","Open",IF(I89<=G89,"Met","Breached")) -> Breached | K89: R. Fernandes | L89: =DATE(YEAR(B89),MONTH(B89),1) -> 45870
A90: TCK-0089 | B90: 45893.47 | C90: P3 | D90: Bug | E90: L1 | F90: Closed | G90: 24 | H90: 45894.242 | I90: =IF(H90="","",(H90-B90)*24) -> 18.51348 | J90: =IF(H90="","Open",IF(I90<=G90,"Met","Breached")) -> Met | K90: P. Osei | L90: =DATE(YEAR(B90),MONTH(B90),1) -> 45870
A91: TCK-0090 | B91: 45776.598 | C91: P4 | D91: Data | E91: L2 | F91: Closed | G91: 72 | H91: 45784.788 | I91: =IF(H91="","",(H91-B91)*24) -> 196.57371 | J91: =IF(H91="","Open",IF(I91<=G91,"Met","Breached")) -> Breached | K91: P. Osei | L91: =DATE(YEAR(B91),MONTH(B91),1) -> 45748
A92: TCK-0091 | B92: 45718.995 | C92: P4 | D92: Network | E92: L1 | F92: Closed | G92: 72 | H92: 45719.582 | I92: =IF(H92="","",(H92-B92)*24) -> 14.081424 | J92: =IF(H92="","Open",IF(I92<=G92,"Met","Breached")) -> Met | K92: R. Fernandes | L92: =DATE(YEAR(B92),MONTH(B92),1) -> 45717
A93: TCK-0092 | B93: 45769.889 | C93: P3 | D93: Change | E93: L1 | F93: Resolved | G93: 24 | H93: 45770.361 | I93: =IF(H93="","",(H93-B93)*24) -> 11.333979 | J93: =IF(H93="","Open",IF(I93<=G93,"Met","Breached")) -> Met | K93: K. Padilla | L93: =DATE(YEAR(B93),MONTH(B93),1) -> 45748
... A96: TCK-0095 | B96: 45852.364 | C96: P3 | D96: Network | E96: L1 | F96: Resolved | G96: 24 | H96: 45852.97 | I96: =IF(H96="","",(H96-B96)*24) -> 14.548178 | J96: =IF(H96="","Open",IF(I96<=G96,"Met","Breached")) -> Met | K96: J. Ncube | L96: =DATE(YEAR(B96),MONTH(B96),1) -> 45839
A97: TCK-0096 | B97: 45746.905 | C97: P3 | D97: Hardware | E97: L1 | F97: Open | G97: 24 | I97: =IF(H97="","",(H97-B97)*24) | J97: =IF(H97="","Open",IF(I97<=G97,"Met","Breached")) -> Open | K97: R. Fernandes | L97: =DATE(YEAR(B97),MONTH(B97),1) -> 45717
A98: TCK-0097 | B98: 45673.624 | C98: P4 | D98: Network | E98: L2 | F98: Closed | G98: 72 | H98: 45675.222 | I98: =IF(H98="","",(H98-B98)*24) -> 38.349819 | J98: =IF(H98="","Open",IF(I98<=G98,"Met","Breached")) -> Met | K98: N. Kowalski | L98: =DATE(YEAR(B98),MONTH(B98),1) -> 45658
A99: TCK-0098 | B99: 45693.435 | C99: P2 | D99: Hardware | E99: L1 | F99: Closed | G99: 8 | H99: 45693.551 | I99: =IF(H99="","",(H99-B99)*24) -> 2.7886734 | J99: =IF(H99="","Open",IF(I99<=G99,"Met","Breached")) -> Met | K99: M. Choudhury | L99: =DATE(YEAR(B99),MONTH(B99),1) -> 45689
A100: TCK-0099 | B100: 45915.322 | C100: P2 | D100: Change | E100: L2 | F100: Open | G100: 8 | I100: =IF(H100="","",(H100-B100)*24) | J100: =IF(H100="","Open",IF(I100<=G100,"Met","Breached")) -> Open | K100: J. Ncube | L100: =DATE(YEAR(B100),MONTH(B100),1) -> 45901
A101: TCK-0100 | B101: 45958.028 | C101: P3 | D101: Data | E101: L1 | F101: Resolved | G101: 24 | H101: 45958.997 | I101: =IF(H101="","",(H101-B101)*24) -> 23.254821 | J101: =IF(H101="","Open",IF(I101<=G101,"Met","Breached")) -> Met | K101: R. Fernandes | L101: =DATE(YEAR(B101),MONTH(B101),1) -> 45931
A102: TCK-0101 | B102: 45798.501 | C102: P3 | D102: Change | E102: L1 | F102: Closed | G102: 24 | H102: 45798.962 | I102: =IF(H102="","",(H102-B102)*24) -> 11.066354 | J102: =IF(H102="","Open",IF(I102<=G102,"Met","Breached")) -> Met | K102: T. Alvarez | L102: =DATE(YEAR(B102),MONTH(B102),1) -> 45778
...

Sheet Dashboard
B2: SLA and Support Ticket Tracker: Dashboard
B4: Total Tickets | D4: SLA Compliance % | F4: Open Tickets | H4: Total Breaches | J4: Avg Resolution Hours
B5: =COUNTA(Tickets!A2:A181) -> 180 | D5: =COUNTIF(Tickets!J2:J181,"Met")/(COUNTIF(Tickets!J2:J181,"Met")+COUNTIF(Tickets!J2:J181,"Breached")) -> 0.81428571 | F5: =COUNTIF(Tickets!J2:J181,"Open") -> 40 | H5: =COUNTIF(Tickets!J2:J181,"Breached") -> 26 | J5: =AVERAGEIF(Tickets!I2:I181,"<>",Tickets!I2:I181) -> 22.899699
B8: Charts above are PivotCharts with Priority + Tier slicers. Supporting PivotTables are below (row 40+).
B44: Supporting PivotTables (source data behind the 4 charts above) | V44: SLA_Status | W44: Breached
B46: Count of Tickets | C46: Column Labels | L46: Row Labels | M46: Count of Tickets | V46: Row Labels | W46: Count of Tickets | AF46: Count of Tickets | AG46: Column Labels
B47: Row Labels | C47: P1 | D47: P2 | E47: P3 | F47: P4 | G47: Grand Total | L47: Breached | M47: 26 | V47: P1 | W47: 1 | AF47: Row Labels | AG47: Closed | AH47: In Progress | AI47: Open | AJ47: Resolved | AK47: Grand Total
B48: L1 | C48: 3 | D48: 17 | E48: 51 | F48: 22 | G48: 93 | L48: Met | M48: 114 | V48: P2 | W48: 8 | AF48: 45658 | AG48: 13 | AH48: 3 | AI48: 1 | AJ48: 3 | AK48: 20
B49: L2 | C49: 5 | D49: 19 | E49: 31 | F49: 14 | G49: 69 | L49: Grand Total | M49: 140 | V49: P3 | W49: 11 | AF49: 45689 | AG49: 7 | AH49: 2 | AI49: 1 | AJ49: 2 | AK49: 12
B50: L3 | C50: 1 | D50: 4 | E50: 12 | F50: 1 | G50: 18 | V50: P4 | W50: 6 | AF50: 45717 | AG50: 8 | AH50: 2 | AI50: 1 | AJ50: 4 | AK50: 15
B51: Grand Total | C51: 9 | D51: 40 | E51: 94 | F51: 37 | G51: 180 | V51: Grand Total | W51: 26 | AF51: 45748 | AG51: 9 | AH51: 1 | AI51: 3 | AJ51: 3 | AK51: 16
AF52: 45778 | AG52: 9 | AH52: 2 | AI52: 2 | AJ52: 3 | AK52: 16
AF53: 45809 | AG53: 7 | AH53: 3 | AI53: 2 | AJ53: 4 | AK53: 16
AF54: 45839 | AG54: 5 | AJ54: 4 | AK54: 9
AF55: 45870 | AG55: 7 | AI55: 2 | AJ55: 3 | AK55: 12
AF56: 45901 | AG56: 7 | AH56: 2 | AI56: 5 | AJ56: 4 | AK56: 18
AF57: 45931 | AG57: 6 | AH57: 1 | AI57: 1 | AJ57: 6 | AK57: 14
AF58: 45962 | AG58: 11 | AH58: 2 | AI58: 1 | AJ58: 3 | AK58: 17
AF59: 45992 | AG59: 8 | AH59: 1 | AI59: 2 | AJ59: 4 | AK59: 15
AF60: Grand Total | AG60: 97 | AH60: 19 | AI60: 21 | AJ60: 43 | AK60: 180
